houseID,date,price,bedrooms,bathrooms,sqft_living,sqft_lot,floors,waterfront,view,condition,grade,sqft_above,sqft_basement,yr_built,yr_renovated,zipcode,lat,long,sqft_living15,sqft_lot15
4001,9/5/2014,1575000,5,3.75,4220,9240,2,FALSE,2,5,11,3420,800,1991,0,98040,47.5895,-122.229,3380,9240
4002,8/20/2014,768000,3,2.5,3220,54160,2,FALSE,2,4,9,2690,530,1981,0,98006,47.5468,-122.109,3460,44374
4003,10/31/2014,903000,3,2.75,3860,12786,2,FALSE,0,4,10,3860,0,1984,0,98006,47.549,-122.141,2820,14636
4004,10/21/2014,935000,4,3.25,4110,15488,2,FALSE,2,3,11,4110,0,1995,0,98006,47.5493,-122.117,4190,14973
4005,5/12/2014,927000,4,2.75,3300,12090,2,FALSE,0,3,8,3300,0,1953,0,98004,47.6294,-122.218,3180,12239
4006,3/6/2015,1800000,3,3,2790,13295,2,TRUE,4,4,10,2370,420,1933,1989,98006,47.5466,-122.197,3140,11949
4007,3/19/2015,1250000,4,2.25,1830,7200,2,FALSE,2,3,8,1750,80,1923,0,98112,47.6315,-122.282,3100,7200
4008,2/13/2015,641000,3,1.75,1480,9603,1,FALSE,0,3,7,1480,0,1952,0,98004,47.5915,-122.202,2660,10766
4009,12/22/2014,570000,3,1.75,1370,3300,2,FALSE,0,5,7,1370,0,1927,0,98105,47.6714,-122.32,1560,3927
4010,5/12/2014,1346400,5,1.75,3380,20021,1,FALSE,0,4,8,1690,1690,1963,0,98004,47.6395,-122.211,3260,19809
4011,10/22/2014,840000,5,1.75,2500,11617,1,FALSE,0,4,9,1560,940,1966,0,98040,47.5361,-122.217,3370,11617
4012,7/21/2014,5.00E+05,3,2.5,2410,34848,1.5,FALSE,0,3,8,2410,0,1976,0,98006,47.5694,-122.12,2420,16424
4013,3/30/2015,605000,2,1,860,6510,1,FALSE,0,3,7,860,0,1952,0,98004,47.6021,-122.202,1740,10800
4014,5/13/2014,1680000,5,3.25,4860,23723,2,FALSE,2,4,11,3820,1040,1989,0,98040,47.5767,-122.215,4040,13860
4015,6/26/2014,760000,3,2.5,1980,13964,1,FALSE,0,5,7,1980,0,1959,0,98040,47.571,-122.227,2040,13964
4016,11/7/2014,1675000,6,2.25,4910,6600,2.5,FALSE,0,5,10,3580,1330,1910,0,98102,47.6458,-122.32,3280,5500
4017,3/6/2015,1030000,4,2.5,2620,11200,1,FALSE,0,4,8,1770,850,1962,0,98004,47.5876,-122.193,2360,11200
4018,6/30/2014,1510000,5,3.25,4390,11250,2,FALSE,0,3,10,4390,0,2007,0,98040,47.5785,-122.225,2160,9249
4019,3/18/2015,850000,3,2.5,2940,10809,2,FALSE,0,3,10,2940,0,1992,0,98006,47.5418,-122.136,3090,10348
4020,5/21/2014,1506000,4,3.25,3660,5800,2.5,FALSE,0,3,10,3360,300,1909,1995,98112,47.6283,-122.312,3240,5800
4021,9/11/2014,680000,2,2,1450,989,3,FALSE,0,3,9,1450,0,2014,0,98109,47.6354,-122.346,1490,1240
4022,10/8/2014,365000,4,1.5,1820,12327,1,FALSE,0,4,7,1380,440,1955,0,98006,47.5767,-122.144,1450,9256
4023,6/30/2014,1730000,5,3.5,5000,26540,2,FALSE,3,3,10,3410,1590,2008,0,98040,47.5665,-122.21,3360,17398
4024,3/31/2015,950000,4,2.5,1700,4418,2,FALSE,0,3,8,1700,0,1931,2000,98112,47.6434,-122.3,2090,4174
4025,7/7/2014,530000,3,1.75,1320,2500,1,FALSE,0,3,7,870,450,1918,0,98105,47.6681,-122.305,1580,2750
4026,2/17/2015,850000,3,2.5,3120,12406,2,FALSE,2,3,9,1940,1180,1983,0,98006,47.5507,-122.141,3240,13141
4027,5/5/2015,1655000,4,2.25,3530,5500,2,FALSE,0,3,8,2860,670,1940,0,98105,47.6618,-122.273,2840,5500
4028,10/23/2014,447000,2,1,850,2700,1,FALSE,0,5,6,850,0,1924,0,98105,47.6684,-122.316,1630,3000
4029,10/14/2014,1440000,4,1.75,2410,6000,1.5,FALSE,0,3,8,2410,0,1911,0,98109,47.6369,-122.355,1280,4000
4030,12/15/2014,985000,3,3.5,2600,11920,2,FALSE,0,5,8,2600,0,1969,0,98004,47.582,-122.194,2430,10050
4031,5/1/2015,1564350,4,3.75,3730,17000,2,FALSE,3,4,10,2820,910,1986,0,98040,47.5355,-122.242,3880,15550
4032,5/16/2014,724800,3,2,2050,3933,1,FALSE,0,3,8,1180,870,1926,2001,98112,47.6436,-122.303,1940,4000
4033,12/9/2014,1275000,4,2.5,2720,16454,1,FALSE,1,5,9,1870,850,1963,0,98040,47.5489,-122.216,3560,15993
4034,12/16/2014,1500000,4,2.75,2930,25697,1,FALSE,0,4,9,2310,620,1964,0,98004,47.6264,-122.226,3810,20681
4035,10/13/2014,725000,3,2,1550,12262,1,FALSE,0,4,7,1550,0,1964,0,98040,47.5755,-122.216,2900,12372
4036,6/25/2014,597326,4,4,3570,8250,2,FALSE,0,3,10,2860,710,2015,0,98040,47.5784,-122.226,2230,10000
4037,11/13/2014,510000,2,1,1390,5544,1,FALSE,0,3,7,930,460,1947,0,98105,47.6696,-122.267,1710,6200
4038,9/11/2014,3640900,4,3.25,4830,22257,2,TRUE,4,4,11,4830,0,1990,0,98039,47.6409,-122.241,3820,25582
4039,7/16/2014,842000,4,1.75,2170,9525,1,FALSE,0,3,8,2170,0,1960,0,98040,47.5685,-122.217,1910,9525
4040,5/12/2014,947500,4,2.25,3290,12329,1.5,FALSE,0,4,10,3290,0,1968,0,98040,47.5639,-122.216,3170,12329
4041,11/20/2014,805000,4,3,3350,23781,1,FALSE,0,4,9,2020,1330,1979,0,98006,47.56,-122.132,2870,12036
4042,7/9/2014,2680000,5,3,4290,20445,2,FALSE,0,4,11,4290,0,1985,0,98039,47.6217,-122.239,3620,22325
4043,12/8/2014,2175000,4,3,4750,21701,1.5,FALSE,0,5,11,4750,0,1976,0,98004,47.6454,-122.218,3120,18551
4044,9/3/2014,499950,3,1.5,1360,11250,1,FALSE,0,4,7,1360,0,1955,0,98006,47.5697,-122.177,1440,11250
4045,9/5/2014,695000,3,3.75,2380,3600,1.5,FALSE,0,3,7,1690,690,1927,0,98112,47.6374,-122.307,1990,3520
4046,10/27/2014,2196000,4,3.25,4250,18000,2,FALSE,3,5,10,3350,900,1980,0,98040,47.5612,-122.229,3790,14537
4047,10/14/2014,1775000,3,2.25,4320,19225,1,FALSE,0,4,10,2160,2160,1972,0,98004,47.6368,-122.216,3430,18469
4048,2/9/2015,2260000,3,3.5,3110,14872,1,FALSE,0,3,10,3110,0,2003,0,98004,47.6178,-122.209,3110,12433
4049,6/26/2014,660000,3,1,1210,9622,1,FALSE,1,3,8,1210,0,1955,2009,98006,47.5728,-122.179,1580,9714
4050,8/29/2014,2950000,4,3.5,4860,23885,2,FALSE,0,3,12,4860,0,1996,0,98039,47.6172,-122.23,3580,16054
4051,8/15/2014,1038000,4,2.5,3770,10893,2,FALSE,2,3,11,3770,0,1997,0,98006,47.5646,-122.129,3710,9685
4052,1/23/2015,950000,2,2.25,2200,2043,2,FALSE,0,3,9,1760,440,2007,0,98004,47.6213,-122.2,2020,1957
4053,6/23/2014,3400000,3,4.5,5230,17826,2,TRUE,4,3,10,3740,1490,2005,0,98040,47.5348,-122.243,3670,17826
4054,11/24/2014,2544750,5,4.75,5410,13431,2,FALSE,0,4,10,5050,360,1941,0,98112,47.6306,-122.288,3750,11596
4055,10/3/2014,1599950,5,4.5,5130,43123,2,FALSE,0,3,11,5130,0,1996,0,98006,47.544,-122.126,4670,43560
4056,4/6/2015,435000,3,1,950,10080,1,FALSE,0,4,7,950,0,1954,0,98006,47.572,-122.139,1060,10000
4057,8/15/2014,1288000,4,3.5,3700,13175,2,FALSE,0,4,11,3700,0,1989,0,98006,47.5471,-122.133,3880,15508
4058,5/22/2014,555000,4,2.25,2350,8140,1,FALSE,0,4,8,1430,920,1977,0,98006,47.5579,-122.129,2640,8700
4059,7/30/2014,475000,3,1.75,1260,10065,1,FALSE,0,3,7,1260,0,1954,2014,98006,47.5727,-122.138,1320,10278
4060,7/24/2014,974350,4,2.5,3090,10730,2,FALSE,0,5,8,2420,670,1985,0,98006,47.5458,-122.141,2220,7875
4061,1/13/2015,1688000,4,4,5000,12941,3,FALSE,2,3,12,5000,0,2002,0,98006,47.55,-122.103,4560,12941
4062,12/23/2014,2200000,4,3.75,3790,7200,2,FALSE,0,3,10,2530,1260,1931,0,98112,47.6264,-122.289,3250,7200
4063,5/5/2015,595000,4,1.75,2510,8989,1,FALSE,0,4,8,1680,830,1964,0,98006,47.5569,-122.172,2510,8931
4064,8/11/2014,1760000,4,5,6055,21630,1,FALSE,3,4,12,3555,2500,1996,0,98006,47.5524,-122.112,4890,19223
4065,5/6/2014,610000,4,3,2450,10117,1,FALSE,0,5,8,1580,870,1967,0,98006,47.5694,-122.132,2530,10125
4066,3/17/2015,962000,4,2.25,3320,20100,1,FALSE,0,4,8,1810,1510,1981,0,98006,47.5566,-122.153,2450,9821
4067,6/2/2014,550000,3,2.5,1840,3035,1,FALSE,0,3,7,920,920,1926,0,98105,47.6557,-122.327,1780,4000
4068,5/21/2014,1065000,2,1.75,1890,9466,2,FALSE,0,3,8,1890,0,1987,0,98004,47.6144,-122.211,2180,12825
4069,9/10/2014,1225000,5,4.5,3732,4426,2.5,FALSE,0,3,10,2932,800,2001,0,98112,47.6189,-122.288,2950,4000
4070,8/25/2014,1321620,5,2.75,2410,19447,2,FALSE,2,3,10,2290,120,1968,0,98040,47.5549,-122.211,2980,19447
4071,6/5/2014,875000,5,2.5,2920,5568,2,FALSE,0,3,8,2320,600,1906,0,98112,47.6265,-122.312,2970,5568
4072,12/4/2014,527500,4,2.25,2270,8480,1,FALSE,0,5,8,1310,960,1973,0,98006,47.5448,-122.174,1910,9050
4073,5/15/2014,417000,3,1.5,1340,10224,1,FALSE,0,4,7,1340,0,1956,0,98006,47.5752,-122.157,1340,10440
4074,10/1/2014,665000,3,2.75,1930,2960,1.5,FALSE,0,5,7,1490,440,1929,0,98105,47.6659,-122.287,2080,3760
4075,6/26/2014,1025000,4,3.5,3320,19850,1,FALSE,2,4,10,2040,1280,1977,0,98040,47.527,-122.228,3240,15470
4076,10/30/2014,1200000,3,2.5,3420,16622,1,FALSE,4,3,10,2410,1010,1991,0,98006,47.5638,-122.105,3460,14566
4077,8/5/2014,1.00E+06,4,1.75,1780,11436,1,FALSE,0,5,9,1780,0,1967,0,98004,47.6273,-122.194,2100,12052
4078,5/8/2015,3400000,4,4,4260,11765,2,FALSE,0,3,11,3280,980,1939,2010,98112,47.638,-122.288,4260,10408
4079,7/15/2014,1600000,3,2.25,3170,5000,2,FALSE,0,5,10,2230,940,1975,0,98102,47.6349,-122.318,3170,5400
4080,10/31/2014,889000,4,2.5,2570,4480,1.5,FALSE,0,4,8,1580,990,1927,0,98105,47.6701,-122.291,2070,4480
4081,12/1/2014,903000,2,1.5,1140,7800,1,FALSE,0,4,6,1140,0,1947,0,98004,47.6142,-122.209,2020,7800
4082,9/3/2014,690000,3,1.75,1600,4400,1,FALSE,0,3,7,1030,570,1941,0,98112,47.6348,-122.281,2150,4000
4083,4/30/2015,840000,4,2.5,2170,9796,1,FALSE,0,4,8,1650,520,1980,0,98006,47.5505,-122.152,2350,9796
4084,2/27/2015,5.00E+05,4,2.25,2030,8517,1,FALSE,0,4,8,1380,650,1961,0,98006,47.5495,-122.174,2230,8824
4085,6/26/2014,815000,3,2,2270,11989,1,FALSE,0,4,9,2270,0,1968,0,98040,47.5434,-122.229,2880,12439
4086,4/8/2015,648000,5,2.25,2410,12000,2,FALSE,0,4,8,2410,0,1973,0,98006,47.5434,-122.175,2080,12000
4087,9/9/2014,818500,5,3.5,4790,12957,2,FALSE,1,3,9,3110,1680,2005,0,98006,47.5469,-122.194,2620,13538
4088,4/21/2015,939000,4,2.25,2240,9684,2,FALSE,0,4,9,2240,0,1970,0,98040,47.5489,-122.225,2440,9618
4089,6/3/2014,718000,3,1,1030,4958,1,FALSE,0,5,7,1030,0,1952,0,98105,47.6647,-122.277,2230,6987
4090,5/29/2014,2750000,4,3.25,4430,21000,2,FALSE,0,3,10,4430,0,1952,2007,98039,47.6398,-122.237,3930,20000
4091,10/28/2014,1419000,5,3.25,4020,4500,2,FALSE,0,3,9,3120,900,2010,0,98004,47.6349,-122.204,3550,5775
4092,5/7/2014,530000,3,1,1340,4284,1,FALSE,0,3,7,1080,260,1910,0,98105,47.6633,-122.324,1960,4080
4093,10/17/2014,735000,4,1.75,2380,5700,2,FALSE,1,4,7,1820,560,1946,0,98105,47.6656,-122.271,2190,5700
4094,9/30/2014,462500,2,2,1690,4200,2,FALSE,0,3,7,1690,0,1906,0,98112,47.621,-122.303,1540,4200
4095,7/25/2014,1950000,4,3.5,4065,18713,2,FALSE,0,4,10,4065,0,1987,0,98039,47.6209,-122.237,3070,18713
4096,9/30/2014,975000,4,2.5,2720,10455,2,FALSE,2,3,10,2500,220,1981,0,98006,47.5564,-122.158,3240,12348
4097,10/24/2014,880000,4,2.5,2340,10800,1,FALSE,0,3,8,2340,0,1953,2007,98040,47.5715,-122.225,2650,13500
4098,8/14/2014,975000,6,3,3420,22421,1,FALSE,0,5,9,2270,1150,1948,0,98006,47.5508,-122.189,2430,15560
4099,8/5/2014,650000,3,1.75,1840,2310,1,FALSE,2,4,8,1140,700,1914,0,98109,47.6462,-122.351,1670,4000
4100,5/20/2014,772000,3,2.25,1640,1204,3,FALSE,0,3,8,1640,0,2014,0,98112,47.6196,-122.297,1630,3136
4101,7/11/2014,2920000,4,4.75,4575,24085,2.5,FALSE,2,5,10,3905,670,1926,0,98112,47.6263,-122.284,3900,9687
4102,6/20/2014,1950000,7,3.5,4640,15235,2,FALSE,1,3,11,2860,1780,1965,2003,98040,47.5666,-122.231,3230,20697
4103,3/11/2015,790000,2,1.5,1940,4400,1,FALSE,0,3,7,970,970,1923,0,98112,47.6371,-122.279,1480,3080
4104,9/15/2014,940000,4,3,2720,11740,1,FALSE,0,5,9,2720,0,1957,0,98040,47.5833,-122.242,2640,11740
4105,7/28/2014,1350000,5,3.5,4800,14984,2,FALSE,2,3,11,3480,1320,1998,0,98006,47.5543,-122.148,4050,19009
4106,9/5/2014,740000,4,2,2050,4400,1.5,FALSE,0,4,9,2050,0,1922,0,98102,47.644,-122.319,2320,5500
4107,6/5/2014,530000,4,2.25,2210,7665,2,FALSE,0,4,8,2210,0,1968,0,98006,47.5424,-122.168,1960,7903
4108,9/12/2014,850000,3,2.5,3300,11570,2,FALSE,0,3,9,3300,0,1994,0,98006,47.5599,-122.121,3280,11446
4109,6/9/2014,403950,2,1,710,1136,2,FALSE,0,4,7,710,0,1943,0,98102,47.6414,-122.329,1370,1173
4110,6/20/2014,1325000,4,2.25,2870,6280,1.5,FALSE,0,4,9,1980,890,1905,0,98112,47.6329,-122.31,2370,4760
4111,4/23/2015,1550000,3,3.25,3530,4920,2,FALSE,0,3,9,2660,870,2015,0,98109,47.641,-122.357,1900,4200
4112,7/21/2014,840000,4,2.25,2720,8712,2,FALSE,0,4,9,2720,0,1976,0,98006,47.5616,-122.153,2470,8714
4113,11/18/2014,580000,3,3.25,1490,857,3,FALSE,0,3,8,1220,270,2001,0,98102,47.6357,-122.324,1550,1092
4114,4/23/2015,555000,2,2.25,1370,1248,2,FALSE,0,3,7,1200,170,2000,0,98102,47.6399,-122.32,1800,3360
4115,10/23/2014,621000,3,1,1340,4000,1.5,FALSE,0,4,7,1340,0,1927,0,98105,47.6652,-122.288,1510,4000
4116,3/5/2015,501000,3,1.75,1480,8667,1,FALSE,0,5,7,740,740,1954,0,98006,47.5718,-122.136,1600,10644
4117,12/4/2014,750000,5,2.25,2020,8400,1,FALSE,0,4,7,1010,1010,1963,0,98040,47.5763,-122.219,1890,9233
4118,11/13/2014,1333000,4,4.5,3130,5126,3,FALSE,0,3,10,2450,680,2014,0,98112,47.6239,-122.29,2540,7784
4119,9/4/2014,735000,4,1.75,2100,7960,1,FALSE,0,3,8,1340,760,1955,0,98004,47.6079,-122.195,2060,7960
4120,5/12/2014,450000,3,1.5,1770,17208,1,FALSE,0,3,8,1160,610,1959,0,98006,47.5659,-122.117,2450,17118
4121,9/2/2014,635000,3,3.5,1730,1349,3,FALSE,0,3,9,1350,380,2009,0,98102,47.6224,-122.326,1830,3300
4122,8/14/2014,671500,5,2.75,2160,4000,1.5,FALSE,0,5,7,1530,630,1927,0,98105,47.667,-122.289,2040,4000
4123,1/28/2015,622000,4,1.75,3020,10714,1,FALSE,0,5,8,1510,1510,1958,0,98006,47.56,-122.181,2230,14400
4124,10/6/2014,1125000,6,4.25,3100,9378,3,FALSE,2,3,11,3100,0,1978,0,98112,47.6381,-122.314,3270,6334
4125,9/18/2014,2950000,5,4.75,6240,47480,1,FALSE,3,3,11,4610,1630,2003,0,98040,47.5317,-122.233,4170,17668
4126,10/30/2014,1220000,3,2.25,2640,7544,1,FALSE,0,3,10,2640,0,1995,0,98004,47.6224,-122.195,2650,7904
4127,6/23/2014,8.00E+05,3,2.25,2380,11824,1,FALSE,0,4,9,1450,930,1972,0,98040,47.5371,-122.218,2750,11491
4128,4/7/2015,1164000,3,3.5,3620,8072,2,FALSE,0,3,10,2920,700,1999,0,98006,47.5646,-122.127,3680,9624
4129,6/16/2014,690000,2,1.75,1600,4000,1,FALSE,0,5,7,850,750,1918,0,98112,47.6408,-122.3,1860,4000
4130,1/6/2015,1629000,5,2.5,3090,16583,2,FALSE,0,4,9,3090,0,1964,0,98004,47.6458,-122.218,3740,17853
4131,10/15/2014,1029900,3,2.5,3680,13384,2,FALSE,0,3,10,3680,0,1994,0,98006,47.5484,-122.119,3600,11306
4132,9/29/2014,1457000,4,1.5,2650,6900,2,FALSE,0,4,9,2400,250,1909,0,98112,47.6275,-122.305,2420,6900
4133,6/27/2014,718500,3,1.5,1200,6240,1,FALSE,0,3,8,1030,170,1952,0,98112,47.6222,-122.287,2810,6240
4134,1/8/2015,331500,4,1.75,1700,14756,1,FALSE,0,3,7,850,850,1955,0,98006,47.5762,-122.143,1680,10250
4135,5/5/2014,787000,3,1.75,1330,7500,1,FALSE,0,3,8,1330,0,1961,0,98004,47.6074,-122.195,1690,7800
4136,3/31/2015,1925000,4,3.75,3600,16101,1,FALSE,0,3,9,3600,0,1951,0,98112,47.6308,-122.287,3650,9506
4137,11/21/2014,950000,4,2.75,2500,20000,1,FALSE,0,4,8,1700,800,1969,0,98004,47.5901,-122.198,2650,20000
4138,10/16/2014,1900000,4,2.75,4280,12668,2,FALSE,0,3,9,3900,380,1947,2008,98004,47.6185,-122.219,3590,12670
4139,12/19/2014,1050000,3,2,2090,4077,1.5,FALSE,0,4,8,1530,560,1931,0,98112,47.6433,-122.3,2010,4132
4140,8/1/2014,1130000,4,2.5,2660,11200,2,FALSE,0,3,9,2660,0,1999,0,98004,47.5894,-122.197,3290,11275
4141,12/10/2014,828200,4,2.75,3400,7081,2,FALSE,0,3,9,3400,0,2001,0,98006,47.5661,-122.123,3060,7081
4142,2/4/2015,2250000,3,2.5,3420,8700,1,FALSE,0,3,9,2890,530,1951,0,98112,47.6352,-122.29,3370,8700
4143,9/10/2014,620000,3,2.25,1780,1429,3,FALSE,0,3,8,1570,210,2007,0,98109,47.6413,-122.346,1470,1799
4144,8/4/2014,760000,4,2.25,2500,8500,2,FALSE,0,4,8,2500,0,1979,0,98006,47.5569,-122.151,2470,9100
4145,10/31/2014,635000,3,2.25,1940,7482,1,FALSE,0,4,7,1240,700,1964,0,98004,47.6004,-122.195,2340,9310
4146,9/18/2014,1530000,4,2.25,4250,16940,1,FALSE,2,4,9,2380,1870,1974,0,98040,47.5453,-122.234,3460,17693
4147,12/2/2014,695000,5,1.75,1790,9335,2,FALSE,0,5,8,1790,0,1952,0,98004,47.5945,-122.201,1840,9612
4148,8/27/2014,950000,3,2,2250,2975,2,FALSE,0,4,9,1880,370,1905,0,98112,47.6289,-122.309,2690,4800
4149,3/11/2015,725000,3,1.75,1630,9000,1,FALSE,0,3,7,960,670,1955,0,98004,47.6023,-122.205,1880,9000
4150,6/23/2014,905000,5,3.5,3500,10155,2,FALSE,0,3,10,2570,930,1996,0,98006,47.5415,-122.133,2940,10753
4151,7/3/2014,1012000,4,2.5,2980,16263,2,FALSE,0,3,9,2980,0,1989,0,98006,47.5457,-122.153,2730,10018
4152,3/19/2015,870000,4,1.75,2780,11000,1,FALSE,0,3,9,1560,1220,1964,0,98004,47.595,-122.203,2350,11700
4153,5/4/2015,460000,3,2.25,1453,2225,2,FALSE,0,4,8,1453,0,1986,0,98006,47.5429,-122.188,1860,2526
4154,11/25/2014,978000,3,1.5,2390,4000,1.5,FALSE,0,3,9,1690,700,1936,0,98105,47.6604,-122.28,2350,4000
4155,9/17/2014,2900000,4,3.25,4580,4838,2,FALSE,3,4,11,3080,1500,1991,0,98109,47.6305,-122.354,3540,6483
4156,4/13/2015,625000,4,1.75,2180,4431,1.5,FALSE,0,3,8,2020,160,1912,0,98112,47.636,-122.302,1890,4400
4157,4/9/2015,957500,4,2.25,2360,11523,2,FALSE,0,4,10,2360,0,1968,0,98040,47.5318,-122.224,2850,11362
4158,8/13/2014,895000,4,2,1710,4178,1.5,FALSE,0,4,8,1710,0,1926,0,98112,47.6373,-122.3,1760,4178
4159,7/11/2014,1650000,8,2.75,4040,20666,1,FALSE,0,4,9,2020,2020,1962,0,98004,47.634,-122.221,3670,20500
4160,6/23/2014,1220000,4,3.75,3520,3944,1.5,FALSE,0,5,8,2200,1320,1913,0,98109,47.6424,-122.348,2310,4725
4161,5/7/2015,2998000,5,4,6670,16481,2,FALSE,0,3,12,4960,1710,2007,0,98004,47.6409,-122.221,4800,16607
4162,3/26/2015,465000,2,1,1120,4000,1,FALSE,0,3,7,1120,0,1926,0,98105,47.6567,-122.327,1620,4000
4163,5/5/2014,831000,4,3,2170,4000,2,FALSE,0,4,9,1610,560,1982,2011,98112,47.6196,-122.292,1670,4000
4164,10/24/2014,465000,1,1,1020,3200,1,FALSE,0,3,7,1020,0,1927,0,98109,47.6361,-122.343,1670,3480
4165,9/19/2014,515000,3,1.75,1600,20873,1,FALSE,0,3,8,1600,0,1955,0,98006,47.5632,-122.182,2640,18364
4166,11/13/2014,471000,4,1.75,1450,3750,1,FALSE,0,4,7,950,500,1925,0,98105,47.6706,-122.3,1850,4000
4167,12/2/2014,1265000,4,2.25,2870,6000,1,FALSE,0,5,8,1730,1140,1951,0,98112,47.6362,-122.282,2370,5500
4168,6/24/2014,859000,4,2.25,3550,13900,1,FALSE,0,3,8,1830,1720,2010,0,98006,47.5681,-122.127,2770,12200
4169,12/8/2014,8.00E+05,4,2.5,2390,10000,1,FALSE,0,3,9,1590,800,1975,0,98040,47.5801,-122.229,1900,9752
4170,9/22/2014,996000,3,3.25,3620,8131,2,FALSE,0,4,10,2730,890,1988,0,98040,47.5776,-122.214,2040,3776
4171,6/20/2014,885000,3,2.25,2060,9552,1,FALSE,0,4,9,1610,450,1975,0,98040,47.5402,-122.231,2930,11212
4172,5/7/2014,5.00E+05,2,1,1010,3885,1.5,FALSE,0,4,7,1010,0,1906,1990,98112,47.6224,-122.304,1770,4200
4173,5/4/2015,880000,4,2.5,2350,4675,2,FALSE,0,3,9,2150,200,1923,0,98112,47.6344,-122.305,2240,3848
4174,4/14/2015,998000,3,2.25,3370,11757,2,FALSE,2,4,9,3370,0,1980,0,98006,47.5573,-122.16,2690,10500
4175,6/5/2014,886000,4,2,2660,3900,1.5,FALSE,0,4,7,1480,1180,1923,0,98112,47.6398,-122.306,2350,3900
4176,12/29/2014,785000,3,3,1950,1983,3,FALSE,0,3,9,1610,340,2009,0,98004,47.6078,-122.202,2040,2131
4177,3/16/2015,1195000,3,2.25,3070,9645,2,FALSE,0,3,10,2110,960,1987,0,98006,47.5522,-122.144,3130,9450
4178,9/21/2014,1180000,5,2.25,3270,16553,2,FALSE,2,5,9,2470,800,1968,0,98040,47.5428,-122.236,3690,17916
4179,12/8/2014,585000,3,2.5,2290,5089,2,FALSE,0,3,9,2290,0,2001,0,98006,47.5443,-122.172,2290,7984
4180,1/22/2015,1195000,3,3,2350,1620,2,FALSE,0,3,9,1560,790,2001,0,98112,47.6308,-122.279,2000,4380
4181,12/15/2014,1250000,3,2.5,2070,4944,2,FALSE,0,3,9,2070,0,1930,0,98112,47.6256,-122.284,3300,6179
4182,2/18/2015,604000,3,1,1440,13824,1,FALSE,0,4,7,1440,0,1957,0,98040,47.5872,-122.241,2540,12092
4183,8/29/2014,769000,4,2.75,3630,15405,1,FALSE,2,4,8,1850,1780,1968,0,98040,47.566,-122.225,3380,11184
4184,9/12/2014,799000,3,2.5,2140,9897,1,FALSE,0,4,8,2140,0,1959,0,98040,47.5505,-122.219,2680,10083
4185,7/2/2014,1300000,4,1.75,2610,21600,1,FALSE,0,4,8,2610,0,1966,0,98004,47.6245,-122.227,2920,20330
4186,5/13/2014,1400000,5,4.25,3530,7924,2,FALSE,0,3,10,3530,0,2001,0,98040,47.5894,-122.243,1750,9226
4187,2/28/2015,550700,2,1,1010,5000,1.5,FALSE,0,4,6,1010,0,1908,0,98105,47.6692,-122.297,1460,5000
4188,4/29/2015,648000,3,1.75,1610,10229,1,FALSE,0,5,8,1610,0,1961,0,98006,47.553,-122.174,2270,8800
4189,7/31/2014,650000,2,1,1280,6000,1,FALSE,0,3,7,1280,0,1965,0,98112,47.6339,-122.282,2460,4800
4190,8/19/2014,720000,3,2.25,2120,9297,2,FALSE,0,4,8,2120,0,1981,0,98006,47.5561,-122.154,2620,10352
4191,12/23/2014,1715000,4,2.5,3070,7207,2,FALSE,0,4,10,2670,400,1927,0,98112,47.6325,-122.29,3190,7523
4192,5/29/2014,3100000,6,4.25,6980,15682,3,FALSE,4,4,12,5330,1650,1999,0,98040,47.5552,-122.231,3930,18367
4193,4/3/2015,719000,3,3.5,2540,10578,2,FALSE,1,3,9,2010,530,2014,0,98006,47.547,-122.192,3240,9831
4194,4/10/2015,1605000,4,3.5,3920,19088,1,FALSE,1,3,10,2240,1680,2005,0,98040,47.576,-122.214,3800,13749
4195,9/18/2014,850000,4,2.5,2900,9972,2,FALSE,0,3,9,2900,0,1993,0,98006,47.5536,-122.121,2901,8567
4196,9/8/2014,905000,4,2.5,3300,10250,1,FALSE,0,3,7,2390,910,1946,1991,98040,47.5873,-122.249,1950,6045
4197,3/25/2015,648000,4,2.25,2170,8240,2,FALSE,1,4,8,2170,0,1983,0,98006,47.5634,-122.128,2600,9898
4198,11/17/2014,453000,3,1.75,1430,20193,1,FALSE,0,3,7,1430,0,1955,0,98006,47.5619,-122.183,2140,18364
4199,7/21/2014,1476000,3,2.25,4470,22518,2,FALSE,2,3,9,3240,1230,1953,2004,98006,47.574,-122.18,2930,21837
4200,11/19/2014,2400000,4,3.75,4090,24825,2,FALSE,0,4,11,3400,690,1926,0,98102,47.6338,-122.319,3910,11500
4201,6/20/2014,1320000,4,3.5,4410,36200,2,FALSE,0,3,11,4410,0,1989,0,98006,47.5487,-122.126,4760,35860
4202,8/15/2014,514000,2,1,920,4000,1,FALSE,0,4,7,920,0,1906,0,98105,47.6711,-122.328,1300,4000
4203,9/16/2014,749000,4,2.5,1710,9627,1,FALSE,0,3,9,1440,270,1976,2014,98006,47.559,-122.164,2140,9131
4204,4/14/2015,935000,4,2,2580,4500,2,FALSE,0,4,9,1850,730,1905,0,98102,47.6245,-122.316,2590,4100
4205,7/23/2014,820000,2,2.5,2210,4440,2,FALSE,0,4,8,1440,770,1931,0,98112,47.6305,-122.3,1560,4920
4206,4/23/2015,965800,4,1.75,2500,8725,1,FALSE,0,4,8,1500,1000,1966,0,98004,47.6304,-122.205,1900,8998
4207,5/2/2014,430000,4,1.5,1920,10000,1,FALSE,0,4,7,1070,850,1954,0,98006,47.5725,-122.133,1450,10836
4208,6/30/2014,1230000,3,1.75,2200,14630,1.5,FALSE,1,3,8,2200,0,1948,2003,98004,47.6074,-122.213,2850,15803
4209,10/20/2014,850000,3,2,1540,3600,2,FALSE,0,3,8,1540,0,1900,1988,98112,47.6343,-122.283,2970,3600
4210,3/25/2015,1900000,4,2.25,3020,11489,1.5,TRUE,3,5,10,2110,910,1916,1988,98040,47.5395,-122.21,3890,11489
4211,8/4/2014,5570000,5,5.75,9200,35069,2,FALSE,0,3,13,6200,3000,2001,0,98039,47.6289,-122.233,3560,24345
4212,9/24/2014,680000,3,1.75,2330,9652,1,FALSE,0,4,8,1590,740,1968,0,98040,47.5714,-122.211,2420,9631
4213,5/23/2014,648475,4,2.75,2250,5700,1,FALSE,0,3,8,1200,1050,1951,0,98109,47.6406,-122.344,1720,3850
4214,8/28/2014,3168750,5,3.5,4330,11979,1,FALSE,4,3,12,2090,2240,2008,0,98004,47.6251,-122.218,4320,12000
4215,8/28/2014,898000,3,2.5,3530,9753,2,FALSE,0,3,10,3530,0,1997,0,98006,47.5539,-122.103,3220,9234
4216,12/17/2014,1565000,3,1.75,2190,8500,1,FALSE,0,4,9,2190,0,1957,0,98112,47.64,-122.285,2850,8868
4217,6/4/2014,1901000,3,2.5,2660,13367,2,FALSE,2,3,10,2660,0,1992,0,98004,47.6501,-122.217,2660,13367
4218,12/11/2014,466000,3,1.75,1680,9460,1,FALSE,0,4,7,1680,0,1959,0,98006,47.5525,-122.182,1690,9448
4219,12/2/2014,650000,4,2,1610,8976,1,FALSE,0,4,8,1610,0,1966,0,98004,47.6011,-122.192,1930,8976
4220,6/18/2014,1384000,4,3.25,4290,12103,1,FALSE,3,3,11,2690,1600,1997,0,98006,47.5503,-122.102,3860,11244
4221,10/17/2014,1550000,2,2.25,2950,15593,1,FALSE,0,4,8,1560,1390,1942,1986,98039,47.6209,-122.236,2060,19855
4222,3/4/2015,2225000,3,4,4200,30120,2,FALSE,2,4,11,3600,600,1933,0,98112,47.6379,-122.311,2760,12200
4223,4/20/2015,699999,2,2,1460,1085,2,FALSE,0,3,8,950,510,2014,0,98112,47.6205,-122.299,1580,1202
4224,3/17/2015,1675000,5,3.25,4560,19080,1,FALSE,0,5,9,2490,2070,1963,0,98004,47.6291,-122.226,3390,20140
4225,9/11/2014,649950,3,2.5,2150,15304,2,FALSE,0,4,9,2150,0,1979,0,98006,47.5573,-122.136,2540,10507
4226,4/7/2015,1330000,4,3.5,3440,9776,2,FALSE,0,3,10,3440,0,2006,0,98040,47.5374,-122.216,2400,11000
4227,8/1/2014,1350000,3,2,2070,9600,1,FALSE,1,3,7,1590,480,1946,0,98039,47.616,-122.239,3000,16215
4228,10/20/2014,1.00E+06,5,4.5,2120,8944,2,TRUE,4,5,8,2120,0,1939,1963,98006,47.5488,-122.197,2870,8944
4229,10/13/2014,635250,3,2.25,2210,22040,1,FALSE,0,5,8,1510,700,1976,0,98004,47.5904,-122.194,2470,14258
4230,9/10/2014,1195000,5,3.25,5180,19606,1,FALSE,0,3,11,2610,2570,1993,0,98006,47.555,-122.114,4050,15296
4231,6/17/2014,4668000,5,6.75,9640,13068,1,TRUE,4,3,12,4820,4820,1983,2009,98040,47.557,-122.21,3270,10454
4232,1/15/2015,1898000,4,4.5,4020,9656,2,FALSE,0,3,10,4020,0,2007,0,98004,47.6358,-122.207,1960,9520
4233,6/18/2014,4489000,4,3,6430,27517,2,FALSE,0,3,12,6430,0,2001,0,98004,47.6208,-122.219,3720,14592
4234,2/12/2015,570000,3,2,1400,1657,2,FALSE,0,3,8,1060,340,2004,0,98112,47.6196,-122.298,1540,2275
4235,1/27/2015,850000,2,2.5,1611,2210,2,FALSE,2,3,10,1611,0,2005,0,98109,47.6291,-122.347,2070,2182
4236,7/24/2014,1715000,4,3.75,4490,7623,2,FALSE,0,4,10,3090,1400,1941,0,98112,47.6315,-122.29,3760,7653
4237,1/28/2015,8.00E+05,3,3,2060,3200,2,FALSE,0,3,8,2060,0,1907,1984,98102,47.637,-122.324,1760,2669
4238,9/19/2014,6885000,6,7.75,9890,31374,2,FALSE,4,3,13,8860,1030,2001,0,98039,47.6305,-122.24,4540,42730
4239,11/21/2014,1646000,6,3.5,4010,16200,1,FALSE,0,3,8,2090,1920,1955,1990,98004,47.6322,-122.216,3560,16200
4240,7/9/2014,1681000,5,5.25,4830,18707,2,FALSE,1,5,9,3930,900,1952,1998,98040,47.5858,-122.247,2880,10520
4241,8/21/2014,610000,3,2.5,2060,8893,2,FALSE,0,3,8,2060,0,1987,0,98006,47.5615,-122.165,2650,8500
4242,3/13/2015,1940000,5,2.25,3120,16672,2,FALSE,0,4,9,3120,0,1969,0,98004,47.6458,-122.219,3740,17853
4243,3/5/2015,1380000,6,4.5,5740,10312,2,FALSE,2,3,11,3610,2130,2000,0,98006,47.5533,-122.11,4350,11917
4244,7/1/2014,505000,4,2.75,2200,9778,1,FALSE,0,4,8,1100,1100,1962,0,98006,47.5472,-122.176,2140,11321
4245,12/23/2014,515000,3,1.75,1490,12000,1,FALSE,0,4,7,1490,0,1956,0,98006,47.569,-122.175,1630,12000
4246,3/20/2015,750000,4,2.25,2160,9525,1,FALSE,0,3,8,1080,1080,1961,0,98040,47.5651,-122.221,2780,9525
4247,4/7/2015,1800000,4,3.5,3480,4000,2,FALSE,0,3,9,2460,1020,2015,0,98112,47.6356,-122.281,2620,4000
4248,2/6/2015,9.00E+05,3,3.25,3870,33980,2,FALSE,0,3,10,3150,720,1991,0,98006,47.5589,-122.117,3590,10750
4249,4/13/2015,630000,2,1,1050,8382,1,FALSE,0,3,7,1050,0,1959,0,98040,47.5627,-122.221,2400,9525
4250,3/12/2015,1810000,3,3.5,3780,8295,2,FALSE,0,3,9,2430,1350,1951,0,98112,47.6394,-122.29,3780,9127
4251,3/30/2015,1250000,5,3.25,3930,12719,2,FALSE,2,4,10,2540,1390,1974,0,98040,47.5631,-122.213,3600,15909
4252,8/5/2014,565000,3,1.5,1540,3570,1.5,FALSE,0,5,7,1490,50,1930,0,98105,47.6692,-122.325,1620,4080
4253,7/29/2014,1395710,4,2.25,3960,8640,2,FALSE,2,3,9,2630,1330,1925,0,98112,47.6317,-122.304,3850,8640
4254,6/20/2014,995000,4,4.5,3850,13551,2,FALSE,2,3,10,3000,850,1998,0,98006,47.5522,-122.103,3480,10737
4255,2/18/2015,1200000,4,2.25,2860,10702,2,FALSE,0,3,10,2860,0,1982,0,98004,47.6451,-122.189,2890,10572
4256,2/9/2015,375000,3,2,2240,5200,1,FALSE,0,3,7,1630,610,1954,0,98112,47.6191,-122.296,1470,3775
4257,4/8/2015,3.00E+06,5,3.75,4590,11265,2,FALSE,0,4,11,3450,1140,1927,0,98112,47.6389,-122.288,3870,8996
4258,6/13/2014,575000,3,3,1384,1287,2,FALSE,0,3,8,1144,240,2006,0,98102,47.6295,-122.32,1570,1288
4259,4/21/2015,1475000,3,2.5,2570,5000,2,FALSE,0,3,11,2570,0,1984,0,98102,47.6295,-122.32,1570,5000
4260,3/3/2015,920000,5,2.25,2730,6000,1.5,FALSE,0,3,8,2130,600,1927,0,98105,47.6571,-122.281,2730,6000
4261,9/11/2014,1490000,5,3.5,3620,7821,2,FALSE,2,3,10,2790,830,1958,2010,98040,47.5738,-122.215,2690,9757
4262,7/29/2014,625000,4,2.25,2100,8290,2,FALSE,0,4,8,2100,0,1978,0,98006,47.5595,-122.129,2100,8290
4263,5/16/2014,605000,3,2.25,1290,2500,2,FALSE,0,4,8,1290,0,1987,0,98112,47.6229,-122.298,1700,3750
4264,8/12/2014,822500,2,1,1450,7098,1,FALSE,4,3,7,1450,0,1924,0,98109,47.63,-122.349,2390,6098
4265,5/5/2014,1425000,2,2.5,2220,4000,2,FALSE,0,3,9,2220,0,2000,0,98112,47.6364,-122.28,1870,4000
4266,7/10/2014,1325000,6,4.25,5720,10213,2,FALSE,0,3,10,4170,1550,2004,0,98006,47.5464,-122.116,4300,10224
4267,2/2/2015,3.00E+06,5,3.25,5370,14091,2,FALSE,0,3,10,3850,1520,1918,2008,98004,47.6499,-122.216,2410,12047
4268,6/12/2014,1095000,0,0,3064,4764,3.5,FALSE,2,3,7,3064,0,1990,0,98102,47.6362,-122.322,2360,4000
4269,5/8/2015,1999950,4,3.25,5640,35006,2,FALSE,2,3,11,4900,740,2015,0,98006,47.5491,-122.104,4920,35033
4270,10/16/2014,728000,3,1.5,1940,4000,1.5,FALSE,0,3,8,1310,630,1915,0,98112,47.6205,-122.291,1940,4000
4271,8/8/2014,2300000,7,4.75,5310,8816,2,FALSE,0,3,10,3650,1660,2013,0,98004,47.6221,-122.208,2920,10610
4272,8/5/2014,719000,3,2.5,2120,9307,2,FALSE,0,4,9,2120,0,1984,0,98006,47.5477,-122.141,2290,11524
4273,11/6/2014,778000,3,3,2630,10156,1,FALSE,0,4,9,2630,0,1987,0,98006,47.5481,-122.156,2660,10455
4274,7/11/2014,1067000,6,3.5,4860,11793,2,FALSE,0,3,11,3860,1000,1998,0,98006,47.5521,-122.137,3600,11793
4275,3/9/2015,998160,2,2.5,3010,16050,1,FALSE,3,4,9,1260,1750,1976,0,98006,47.5643,-122.16,3010,11612
4276,6/22/2014,810000,4,2.5,2810,10613,2,FALSE,0,3,9,2810,0,1989,0,98006,47.5424,-122.141,2800,9933
4277,7/29/2014,865000,4,1.75,1800,4180,2,FALSE,3,4,8,1800,0,1921,0,98102,47.6462,-122.318,2180,4620
4278,9/25/2014,770000,4,3.5,3680,2242,2.5,FALSE,0,3,9,2670,1010,1930,2007,98112,47.6192,-122.307,1350,1288
4279,5/2/2014,1400000,4,2.5,2920,4000,1.5,FALSE,0,5,8,1910,1010,1909,0,98105,47.6578,-122.28,2470,4000
4280,7/14/2014,1100000,4,3.5,2210,7597,1,FALSE,0,4,9,1550,660,1977,2006,98004,47.5816,-122.197,2370,8811
4281,8/30/2014,642000,3,1,1040,4480,1,FALSE,0,3,7,870,170,1924,0,98109,47.6461,-122.356,1730,4200
4282,5/6/2015,1850000,4,3.25,4160,10335,2,FALSE,0,3,10,4160,0,2014,0,98004,47.6235,-122.192,1840,10333
4283,12/1/2014,5.00E+05,3,1.5,2220,8994,1,FALSE,0,4,8,1110,1110,1962,0,98006,47.5473,-122.172,2220,8994
4284,6/19/2014,475000,3,2.5,950,1110,2,FALSE,0,3,8,950,0,2003,0,98102,47.6226,-122.319,1230,1215
4285,4/2/2015,875000,4,1.75,2360,8286,1,FALSE,0,3,7,1320,1040,1952,0,98004,47.6226,-122.205,1680,7630
4286,11/25/2014,707000,4,2.25,2920,17023,1,FALSE,0,4,9,1690,1230,1977,0,98006,47.5585,-122.134,2710,10681
4287,9/26/2014,765000,2,1.75,1660,4000,1,FALSE,0,3,7,990,670,1940,0,98112,47.6394,-122.28,2070,4000
4288,11/19/2014,960000,3,2.5,2010,6857,1,FALSE,0,4,9,1450,560,1955,0,98102,47.6402,-122.314,2380,6370
4289,5/30/2014,650000,2,2.5,1740,2500,2,FALSE,2,3,8,1210,530,1994,0,98112,47.622,-122.3,1640,2500
4290,9/3/2014,545000,3,2.5,1280,1845,3,FALSE,0,3,8,1280,0,2009,0,98105,47.662,-122.324,1450,1889
4291,5/30/2014,1365000,3,2.5,2090,6000,1.5,FALSE,0,4,9,2090,0,1928,0,98105,47.6567,-122.281,2730,6000
4292,6/13/2014,890000,4,2.25,2770,13500,2,FALSE,0,3,8,2770,0,1974,0,98040,47.543,-122.231,2300,13500
4293,5/23/2014,945000,4,2,2840,13367,1,FALSE,0,3,7,1420,1420,1952,0,98004,47.6237,-122.21,2840,12744
4294,1/30/2015,544000,3,2.5,1760,1755,3.5,FALSE,0,3,8,1760,0,1998,0,98105,47.6688,-122.279,1700,1721
4295,7/25/2014,1185000,3,2.25,2390,7875,1,FALSE,1,3,10,1980,410,1948,0,98105,47.6515,-122.278,3720,9075
4296,5/2/2014,1200000,5,2.75,2910,9480,1.5,FALSE,0,3,8,2910,0,1939,0,98105,47.6552,-122.278,2940,6600
4297,5/20/2014,710000,2,1,1790,4000,1,FALSE,0,4,7,1040,750,1923,0,98112,47.6405,-122.301,1310,4000
4298,4/24/2015,1.00E+06,5,2.75,1510,5700,2,FALSE,1,4,7,1510,0,1946,0,98105,47.6653,-122.27,2190,5700
4299,4/16/2015,920000,4,1.5,1850,3600,2,FALSE,0,3,8,1660,190,1929,0,98112,47.6376,-122.307,1970,3600
4300,5/14/2014,1880000,4,2.75,3260,19542,1,FALSE,0,4,10,2170,1090,1968,0,98039,47.6245,-122.236,3480,19863
4301,6/20/2014,979000,3,1.5,1700,14133,1,FALSE,1,4,8,1700,0,1954,0,98004,47.6166,-122.22,2630,17376
4302,3/27/2015,860000,3,2,1880,8494,1,FALSE,0,4,7,1200,680,1968,0,98004,47.6217,-122.192,1290,9128
4303,6/25/2014,1700000,5,3.5,5850,22885,2,FALSE,2,4,11,4670,1180,1978,0,98004,47.606,-122.211,3240,19020
4304,9/8/2014,550000,4,2.5,2120,9163,1,FALSE,0,4,8,1450,670,1961,0,98006,47.5551,-122.172,2120,9166
4305,5/15/2014,575000,2,1,1490,6000,1,FALSE,0,3,7,1090,400,1946,0,98112,47.6296,-122.3,1590,6000
4306,1/5/2015,550000,3,2.25,1950,26500,1,FALSE,0,4,8,1570,380,1965,0,98006,47.5784,-122.179,2160,12751
4307,11/18/2014,810000,3,2,2390,8025,2,FALSE,0,5,7,2390,0,1921,0,98105,47.6707,-122.288,1920,5350
4308,11/25/2014,790000,3,1.75,2050,4080,2,FALSE,0,3,8,2050,0,1991,0,98105,47.6698,-122.325,1890,4080
4309,6/24/2014,998000,4,2.25,2420,10200,2,FALSE,0,4,9,2420,0,1973,0,98040,47.5336,-122.225,2390,10200
4310,10/27/2014,440000,2,2.75,1100,1088,2,FALSE,0,3,7,750,350,2006,0,98102,47.6405,-122.324,2090,4125
4311,2/20/2015,1050000,4,3,3080,10757,2,FALSE,3,5,8,3080,0,1961,0,98006,47.5671,-122.159,2810,10757
4312,6/5/2014,584000,3,2.5,1480,1485,2,FALSE,0,3,8,1280,200,2007,0,98102,47.6376,-122.326,1470,1277
4313,7/14/2014,525000,5,2.5,2360,10081,1,FALSE,0,4,7,1180,1180,1961,0,98006,47.5552,-122.178,2200,10461
4314,4/10/2015,2575000,5,3,4780,20440,1,FALSE,0,4,10,3660,1120,1975,0,98039,47.6242,-122.239,4660,20440
4315,4/30/2015,750000,3,2,1840,2825,1,FALSE,0,3,7,1040,800,1920,0,98112,47.6428,-122.302,1820,3750
4316,8/1/2014,744000,4,2.5,3140,7260,2,FALSE,0,3,8,2200,940,2004,0,98006,47.5664,-122.124,2860,8186
4317,12/9/2014,685000,6,2.25,2770,5854,1.5,FALSE,0,3,8,2120,650,1921,0,98112,47.6466,-122.304,2300,5450
4318,5/14/2014,542000,4,1.75,1900,8250,1,FALSE,0,4,7,950,950,1955,0,98006,47.5765,-122.147,1480,8360
4319,3/3/2015,1080000,3,2.5,2240,21477,2,FALSE,2,3,8,2240,0,1995,0,98006,47.5745,-122.18,2930,21569
4320,12/1/2014,1890000,4,4.25,4285,9345,2,FALSE,0,3,10,4285,0,2013,0,98004,47.6332,-122.199,1570,8994
4321,6/18/2014,650000,3,1.75,2920,9370,1,FALSE,0,4,8,1620,1300,1981,0,98006,47.5491,-122.151,2890,9609
4322,3/27/2015,1450000,4,3.5,2820,7809,2,FALSE,0,3,10,2820,0,1995,0,98004,47.622,-122.195,2630,7904
4323,6/20/2014,6.00E+05,2,1,1040,3600,1,FALSE,0,4,7,1040,0,1919,1980,98112,47.619,-122.311,2250,4800
4324,12/11/2014,752000,4,1.5,1650,2970,1.5,FALSE,0,3,7,1650,0,1903,0,98102,47.6233,-122.319,1670,2970
4325,9/10/2014,613200,3,2.75,2050,3320,1.5,FALSE,0,4,7,1580,470,1927,0,98105,47.6719,-122.301,1760,4150
4326,8/21/2014,2135000,4,3.25,3860,17820,1,FALSE,4,4,10,2630,1230,1975,0,98004,47.6224,-122.215,4590,23760
4327,12/1/2014,713500,5,2.75,2920,9163,1,FALSE,0,4,8,1520,1400,1976,0,98006,47.5668,-122.169,2250,9163
4328,7/18/2014,485000,4,1,1150,2560,1.5,FALSE,0,3,7,1150,0,1909,0,98109,47.6368,-122.355,1890,3000
4329,11/26/2014,1610000,4,2.75,4270,25807,2,FALSE,0,3,11,4270,0,1996,0,98004,47.5951,-122.206,3860,20723
4330,8/27/2014,1475000,4,3,3050,6179,2,FALSE,0,4,9,2330,720,1926,0,98112,47.6253,-122.284,3020,6505
4331,5/23/2014,550000,3,2,1830,9152,1,FALSE,0,5,8,1830,0,1959,0,98006,47.5531,-122.181,1770,9220
4332,5/27/2014,949880,4,2.25,2290,10687,2,FALSE,0,3,9,2290,0,1978,0,98004,47.5878,-122.202,2290,10300
4333,3/20/2015,1225000,6,2.25,2930,4320,2,FALSE,0,3,9,2130,800,1913,0,98112,47.6295,-122.306,2860,4320
4334,1/7/2015,551100,3,1,1430,8640,1,FALSE,0,5,7,1430,0,1954,0,98006,47.572,-122.147,1430,9840
4335,7/18/2014,739375,5,3,2640,3200,2,FALSE,0,4,7,2140,500,1906,0,98112,47.6188,-122.308,1540,2242
4336,7/9/2014,2321000,5,4.75,5780,17004,2,FALSE,0,3,11,4260,1520,2006,0,98040,47.5802,-122.212,3460,10855
4337,6/24/2014,762500,4,2.75,2610,8760,1,FALSE,0,4,8,1760,850,1978,0,98040,47.5875,-122.229,2550,10376
4338,11/18/2014,333000,5,1.75,1240,8936,1,FALSE,0,3,7,1240,0,1954,0,98006,47.5738,-122.136,1600,9341
4339,7/18/2014,1088890,4,2.75,3460,11350,1,FALSE,4,4,9,1780,1680,1974,0,98006,47.568,-122.153,3200,13874
4340,10/29/2014,1169000,5,2.5,2810,6000,2.5,FALSE,0,3,9,2810,0,1907,0,98109,47.6367,-122.35,2240,4800
4341,7/3/2014,810000,3,1.5,1520,9041,1,FALSE,0,4,7,1520,0,1954,0,98004,47.6158,-122.213,3260,10020
4342,9/2/2014,993000,4,2,2850,14810,2,FALSE,0,5,8,2490,360,1954,0,98004,47.5892,-122.203,2430,10454
4343,10/1/2014,770000,3,1.75,1900,6334,1,FALSE,2,3,8,1450,450,1948,0,98105,47.6675,-122.276,1530,6334
4344,8/12/2014,946000,4,3,3140,9058,1,FALSE,0,3,9,2140,1000,1989,0,98006,47.5462,-122.154,2760,10018
4345,4/1/2015,525000,3,1,1500,6800,1,FALSE,0,3,7,1500,0,1943,0,98105,47.6706,-122.268,1500,6800
4346,9/10/2014,390000,2,1.75,1150,2723,1,FALSE,0,4,7,770,380,1923,0,98102,47.6357,-122.322,1440,4000
4347,9/25/2014,1280000,4,3,3260,4500,2,FALSE,0,3,9,2300,960,1930,2014,98109,47.6314,-122.353,2410,4995
4348,8/19/2014,602000,3,2.25,1580,11580,1,FALSE,0,4,8,1580,0,1979,0,98006,47.5503,-122.155,2630,10009
4349,1/22/2015,699999,3,0.75,1240,4000,1,FALSE,0,4,7,1240,0,1968,0,98112,47.6239,-122.297,1460,4000
4350,2/11/2015,1650000,4,3,3900,9750,1,FALSE,4,5,10,2520,1380,1972,0,98006,47.5605,-122.158,3410,9450
4351,2/11/2015,1500000,3,1.5,1910,21374,1,FALSE,0,1,8,1910,0,1955,0,98004,47.6453,-122.214,2850,16167
4352,3/16/2015,1060000,4,2.5,2250,10160,2,FALSE,0,5,8,2250,0,1967,0,98040,47.5645,-122.219,2660,10125
4353,8/6/2014,529000,3,2,1530,3400,1,FALSE,0,3,7,990,540,1907,2014,98112,47.6204,-122.296,1880,4212
4354,9/9/2014,975000,4,2.5,2720,11049,2,FALSE,0,3,10,2720,0,1989,0,98004,47.5815,-122.192,2750,11049
4355,12/4/2014,458000,3,4,1390,1569,2,FALSE,0,3,9,1150,240,2006,0,98105,47.671,-122.269,1620,1855
4356,1/9/2015,928950,4,3.75,3280,6000,2,FALSE,0,3,9,3280,0,2014,0,98006,47.554,-122.19,2900,10108
4357,6/10/2014,1250000,4,2.5,3700,21755,1,FALSE,4,3,11,2620,1080,1988,0,98006,47.5662,-122.108,3480,13786
4358,2/11/2015,760000,5,1.5,3050,2992,1.5,FALSE,0,4,8,1920,1130,1931,0,98112,47.621,-122.302,1200,1209
4359,6/30/2014,2065000,4,3.75,4350,7965,2,FALSE,0,3,10,4350,0,2013,0,98004,47.6289,-122.205,2190,8557
4360,8/13/2014,772000,4,2.5,2500,8680,1,FALSE,0,4,7,1250,1250,1958,0,98004,47.6073,-122.192,2140,8680
4361,7/22/2014,1250000,4,3.75,4520,9240,1.5,FALSE,2,3,10,3270,1250,1992,0,98040,47.5897,-122.229,3380,9240
4362,8/20/2014,1150000,3,2.5,4190,9624,2,FALSE,0,3,10,4190,0,1999,0,98006,47.5642,-122.127,3650,8321
4363,4/23/2015,1050000,6,4,5310,12741,2,FALSE,2,3,10,3600,1710,1967,0,98040,47.5696,-122.213,4190,12632
4364,12/1/2014,1100000,4,2.5,3830,13800,1,FALSE,4,4,9,2030,1800,1969,0,98006,47.5671,-122.157,3460,9875
4365,12/9/2014,525000,3,2.25,1290,1182,2,FALSE,0,3,8,1000,290,2006,0,98102,47.637,-122.327,1300,1169
4366,5/13/2014,2555000,4,2.5,5300,26211,2,TRUE,2,2,10,4570,730,1923,0,98105,47.661,-122.269,3890,19281
4367,11/5/2014,740000,3,2.25,3440,44374,2,FALSE,3,4,10,2190,1250,1979,0,98006,47.547,-122.111,3470,40185
4368,9/17/2014,705000,4,1.75,1690,11739,1,FALSE,0,4,8,1690,0,1959,0,98040,47.552,-122.219,2300,11600
4369,9/3/2014,785950,4,3,2530,4560,1.5,FALSE,0,3,7,1540,990,1925,2014,98112,47.6287,-122.3,1640,4560
4370,4/8/2015,1175000,4,3.25,3780,10099,1,FALSE,1,3,11,2240,1540,2006,0,98006,47.5508,-122.192,3120,10669
4371,7/25/2014,1300000,4,1.75,4060,5500,2,FALSE,0,5,9,2660,1400,1924,0,98102,47.6437,-122.321,3320,5500
4372,2/25/2015,822000,3,2,2410,13300,2,FALSE,0,3,9,1840,570,1985,0,98006,47.5632,-122.148,2930,10900
4373,2/9/2015,417000,2,1.75,1090,4590,1,FALSE,0,4,7,790,300,1915,0,98105,47.6677,-122.324,1390,4080
4374,8/1/2014,1306000,5,2.5,2770,8100,2,FALSE,0,3,9,2770,0,2002,0,98004,47.6341,-122.208,2070,8100
4375,5/5/2014,670000,3,2.5,1680,2000,3,FALSE,0,3,9,1680,0,1909,1998,98105,47.6604,-122.29,1950,5000
4376,7/25/2014,667000,5,2,1900,5470,1,FALSE,0,3,7,1180,720,1930,1965,98105,47.6666,-122.303,1300,3250
4377,4/8/2015,1200000,4,2.5,2390,4200,2,FALSE,0,3,9,2150,240,1924,0,98102,47.6272,-122.318,2800,5250
4378,7/30/2014,1285000,4,3.5,4080,14450,2,FALSE,2,3,12,3210,870,1998,0,98006,47.5519,-122.106,4080,12114
4379,8/26/2014,805000,4,2.5,3160,35225,2,FALSE,1,3,9,2250,910,1992,0,98006,47.5672,-122.111,3460,17223
4380,1/25/2015,550000,3,2.5,2140,10136,1,FALSE,0,3,8,1320,820,1958,0,98006,47.5602,-122.184,1980,11200
4381,5/9/2014,1370000,4,2.75,3720,9450,1,FALSE,4,5,10,1960,1760,1962,0,98006,47.5627,-122.156,2900,8605
4382,4/28/2015,760000,3,1.75,1410,15120,1,FALSE,0,4,7,1410,0,1950,0,98004,47.5974,-122.195,1880,15120
4383,7/25/2014,780000,3,2.25,2130,11782,1,FALSE,0,4,8,1590,540,1977,0,98040,47.5423,-122.215,2700,11782
4384,6/17/2014,1010000,3,3.25,2420,1923,2,FALSE,2,3,10,1840,580,2006,0,98109,47.637,-122.341,1840,2890
4385,11/26/2014,933000,3,1.5,1870,3300,2,FALSE,2,3,7,1870,0,1906,0,98102,47.6221,-122.325,1820,2460
4386,5/22/2014,2150000,4,5.5,5060,10320,2,FALSE,0,3,11,5060,0,2008,0,98004,47.6245,-122.21,3010,10080
4387,8/7/2014,1085000,3,1.5,2560,4000,1.5,FALSE,0,5,8,1660,900,1927,0,98112,47.6384,-122.279,2560,4000
4388,4/6/2015,1130000,4,1.75,2370,8400,1,FALSE,0,5,9,1270,1100,1949,0,98105,47.6716,-122.264,2370,8400
4389,11/17/2014,8.00E+05,4,1.75,2150,9148,1,FALSE,0,4,7,2150,0,1955,0,98004,47.5828,-122.197,2370,9148
4390,6/13/2014,1695000,2,2.25,3170,3000,2,FALSE,2,5,10,1990,1180,1900,0,98109,47.6291,-122.351,2980,5061
4391,1/8/2015,1620500,3,2.5,3490,9362,1,FALSE,3,5,9,1770,1720,1960,0,98105,47.6605,-122.27,3640,7425
4392,10/22/2014,550000,3,2.5,1550,1092,3,FALSE,0,3,8,1390,160,2004,0,98102,47.6355,-122.324,1550,1079
4393,9/15/2014,766500,2,1.75,2230,6930,1,FALSE,0,4,8,1530,700,1947,0,98105,47.6705,-122.277,1970,6930
4394,6/3/2014,835000,4,2.75,1550,4000,1.5,FALSE,0,3,9,1550,0,1930,0,98105,47.6596,-122.28,2120,4000
4395,6/10/2014,1230000,4,2.5,3040,7000,2,FALSE,0,3,9,3040,0,2001,0,98040,47.5934,-122.244,2320,17511
4396,5/13/2014,2450000,5,4,4430,9000,2,FALSE,0,3,10,4430,0,2013,0,98004,47.6168,-122.216,2470,9490
4397,10/17/2014,760369,5,2.5,2870,4712,2,FALSE,0,3,9,2870,0,2014,0,98006,47.5463,-122.182,2870,6768
4398,9/2/2014,750000,3,1.75,1590,8285,1,FALSE,0,4,8,1590,0,1956,0,98004,47.5855,-122.194,1970,8970
4399,4/23/2015,585000,3,2.5,2290,5089,2,FALSE,0,3,9,2290,0,2001,0,98006,47.5443,-122.172,2290,7984
4400,8/21/2014,993500,4,2.25,4070,23321,2,FALSE,0,4,10,4070,0,1968,0,98040,47.5563,-122.219,2820,10871
4401,8/13/2014,539950,3,2,1560,3200,1.5,FALSE,0,3,7,1560,0,1910,2007,98109,47.6398,-122.356,1240,3600
4402,5/5/2014,1395000,5,3.5,4010,8510,2,FALSE,1,5,9,2850,1160,1971,0,98105,47.6578,-122.286,2610,6128
4403,2/26/2015,1550000,5,2.5,2450,20805,2,FALSE,0,4,9,2450,0,1963,0,98004,47.6275,-122.227,3020,20324
4404,7/18/2014,670000,3,1.75,1280,2147,1.5,FALSE,0,4,7,1280,0,1910,0,98102,47.6362,-122.324,2010,2640
4405,8/20/2014,605000,3,1.75,1920,7400,1,FALSE,0,4,8,1260,660,1977,0,98006,47.5633,-122.131,2360,8048
4406,4/28/2015,653000,3,2.25,2800,17300,1,FALSE,0,4,8,1420,1380,1971,0,98006,47.5716,-122.128,2140,12650
4407,7/18/2014,2535000,5,3.25,3730,10626,1,FALSE,4,4,10,3730,0,1963,0,98004,47.624,-122.221,4180,19110
4408,7/15/2014,815000,3,1.5,1370,8671,1,FALSE,0,3,7,1370,0,1955,0,98004,47.6217,-122.198,1580,8671
4409,9/25/2014,490000,3,1.5,990,1343,2,FALSE,0,3,8,840,150,2007,0,98112,47.6236,-122.306,1350,2521
4410,10/22/2014,825000,4,1.5,2040,6900,2,FALSE,0,3,9,2040,0,1903,0,98112,47.6188,-122.285,3150,8220
4411,4/5/2015,630000,3,1,1590,4080,1.5,FALSE,0,3,7,1590,0,1922,0,98105,47.662,-122.326,1570,4080
4412,1/30/2015,1285000,3,2.25,2440,9200,1,FALSE,1,4,8,2440,0,1950,0,98105,47.6629,-122.269,2750,6211
4413,5/6/2014,736000,4,2.5,2290,12047,2,FALSE,0,4,9,2290,0,1988,0,98006,47.5599,-122.105,3130,15666
4414,7/11/2014,582000,5,2.5,2780,12335,1,FALSE,0,4,8,1590,1190,1968,0,98006,47.5681,-122.128,2750,9930
4415,8/26/2014,787888,4,2.25,2580,21115,2,FALSE,0,4,9,2580,0,1977,0,98040,47.5566,-122.219,2690,10165
4416,10/13/2014,625000,4,2,1760,5307,1.5,FALSE,0,4,7,1170,590,1948,0,98105,47.6714,-122.28,1850,6600
4417,8/13/2014,1218000,4,2.75,3670,15400,2,FALSE,3,4,10,3670,0,1986,0,98006,47.5581,-122.156,3370,13300
4418,9/16/2014,550000,2,1.5,1300,2970,1,FALSE,0,3,7,990,310,1903,0,98102,47.6233,-122.319,1700,3000
4419,6/25/2014,913888,5,2.25,2370,15512,2,FALSE,0,4,9,2370,0,1981,0,98006,47.5555,-122.15,2380,15100
4420,8/15/2014,550000,4,2.5,2060,9719,1,FALSE,0,4,8,1320,740,1960,0,98006,47.5549,-122.176,2050,9643
4421,10/1/2014,1325000,4,3.25,2470,4760,1.5,FALSE,0,5,9,1890,580,1906,0,98112,47.6331,-122.31,2470,4760
4422,10/21/2014,1450000,5,3.5,4170,9090,2,FALSE,0,3,10,4170,0,2008,0,98004,47.5918,-122.196,1930,13635
4423,11/21/2014,760000,5,3.5,3180,14000,2,FALSE,0,5,10,3180,0,1997,0,98006,47.5501,-122.128,3670,14450
4424,4/28/2015,2408000,5,2.5,4600,23250,1.5,FALSE,2,3,9,3600,1000,1918,2003,98004,47.623,-122.218,5500,20066
4425,12/10/2014,1475000,5,3.25,3680,10300,1.5,FALSE,0,4,10,3680,0,1927,0,98105,47.6548,-122.28,2690,7200
4426,5/8/2014,553650,2,2.5,1360,1349,2,FALSE,0,3,8,1050,310,1997,0,98112,47.6254,-122.292,1430,4400
4427,3/25/2015,2400000,4,4.25,4890,15188,2,FALSE,2,3,11,3090,1800,1999,0,98040,47.5602,-122.227,3470,16201
4428,8/15/2014,1500000,5,3.5,4370,12240,2,FALSE,0,3,11,3270,1100,1990,0,98004,47.582,-122.199,2980,12800
4429,3/10/2015,820000,5,2.5,3160,8000,1,FALSE,0,4,7,1580,1580,1960,0,98040,47.5735,-122.208,2440,8079
4430,12/30/2014,1700000,5,5,4930,14649,2,FALSE,3,3,11,4160,770,2000,0,98040,47.5829,-122.247,3030,8479
4431,8/26/2014,756000,4,2.5,2730,10753,2,FALSE,0,3,9,2730,0,1991,0,98006,47.5414,-122.133,3090,10740
4432,7/21/2014,1800000,4,2.5,3320,8325,2.5,FALSE,0,5,10,3320,0,1905,0,98112,47.6263,-122.314,3680,6050
4433,7/11/2014,578000,3,2.25,1790,9580,2,FALSE,0,3,8,1790,0,1984,0,98006,47.5541,-122.162,2060,9995
4434,12/22/2014,670000,3,1,1710,6195,1,FALSE,0,3,7,1410,300,1946,0,98105,47.6706,-122.265,1610,6195
4435,3/27/2015,716000,3,1.5,1140,4800,1.5,FALSE,0,3,7,1140,0,1915,0,98109,47.6368,-122.354,1260,4800
4436,12/15/2014,675000,3,2.5,1300,1590,2,FALSE,0,3,8,1100,200,2014,0,98109,47.6384,-122.343,1070,1223
4437,10/1/2014,1928000,4,3.25,4280,20296,2,FALSE,0,4,11,4280,0,1984,0,98004,47.6377,-122.212,3420,16351
4438,3/3/2015,1430000,3,2,1890,12017,1,FALSE,2,3,8,1890,0,1949,0,98004,47.6203,-122.21,2000,12210
4439,10/27/2014,605000,2,1,1550,3200,1.5,FALSE,0,3,8,1550,0,1927,0,98112,47.6368,-122.306,1800,3937
4440,12/1/2014,834000,3,2.25,2550,4089,2,FALSE,0,3,9,2550,0,1983,0,98112,47.6272,-122.297,1680,4089
4441,4/21/2015,3650000,6,4.75,5480,19401,1.5,TRUE,4,5,11,3910,1570,1936,0,98105,47.6515,-122.277,3510,15810
4442,10/15/2014,1855000,5,3.25,5570,9600,2,FALSE,0,5,9,3860,1710,1952,0,98105,47.6708,-122.262,3170,10400
4443,4/14/2015,515000,3,2.75,1710,9448,1,FALSE,0,3,7,1010,700,1947,0,98105,47.6693,-122.267,1960,8951
4444,1/2/2015,1568000,3,2.75,2340,8828,1,FALSE,0,4,9,2340,0,1954,0,98112,47.632,-122.289,3480,8526
4445,9/29/2014,385000,3,1,1420,10980,1,FALSE,0,4,7,1200,220,1954,0,98006,47.574,-122.138,1630,9763
4446,7/10/2014,1910000,4,3,4460,6833,2,FALSE,0,3,10,3140,1320,1955,2007,98112,47.6342,-122.289,3130,7450
4447,4/13/2015,485000,3,1,1020,9835,1,FALSE,0,5,7,1020,0,1955,0,98006,47.5728,-122.179,1210,9622
4448,11/4/2014,715000,5,1.75,1920,6500,1,FALSE,0,3,7,1260,660,1951,0,98112,47.6394,-122.308,1970,5500
4449,1/7/2015,998500,3,1.75,2140,4800,2,FALSE,0,3,8,1690,450,1905,0,98112,47.6311,-122.312,2440,4800
4450,3/30/2015,1125000,6,4,5330,18116,2,FALSE,0,3,11,3950,1380,2000,0,98006,47.5503,-122.137,4590,16900
4451,8/19/2014,375000,3,1,1230,9877,1,FALSE,0,3,7,1230,0,1954,0,98006,47.5745,-122.136,1240,9965
4452,10/16/2014,630500,3,1,1180,3600,1.5,FALSE,0,3,7,1180,0,1926,0,98112,47.6337,-122.28,1900,3600
4453,3/30/2015,2600000,3,3,3410,16015,2,TRUE,4,4,10,2220,1190,1973,0,98040,47.5721,-122.239,3760,16572
4454,3/23/2015,999950,3,2.25,3740,22464,2,FALSE,0,5,8,2330,1410,1966,0,98004,47.6354,-122.196,2680,19564
4455,5/28/2014,1285000,4,2.5,3240,10800,1,FALSE,0,3,10,2260,980,1946,0,98105,47.6709,-122.262,3490,10800
4456,3/4/2015,1015000,4,2.5,2960,4760,2,FALSE,0,3,8,2160,800,1900,0,98102,47.6367,-122.318,1600,4760
4457,4/8/2015,865000,3,1.75,1480,8163,1,FALSE,0,3,7,1040,440,1953,0,98004,47.638,-122.206,2170,11124
4458,5/8/2014,1750000,6,3,3510,5760,2.5,FALSE,0,4,10,3510,0,1906,0,98112,47.6263,-122.312,3450,5760
4459,4/23/2015,1125000,4,3.5,3170,4000,2,FALSE,0,3,10,2340,830,1999,0,98112,47.6265,-122.298,1770,4000
4460,8/5/2014,760000,3,1.5,1170,7645,1,FALSE,0,4,7,1170,0,1955,0,98004,47.6077,-122.194,1870,7678
4461,2/12/2015,570000,2,2,1140,690,2,FALSE,0,3,8,760,380,2014,0,98112,47.6205,-122.3,1480,1171
4462,4/3/2015,1595000,4,4.25,4645,7757,2,FALSE,0,3,10,3855,790,2006,0,98112,47.6248,-122.29,2150,6970
4463,11/10/2014,898000,2,1.75,1490,9874,1,FALSE,0,4,7,1490,0,1963,0,98004,47.6246,-122.199,2280,9869
4464,7/17/2014,990000,3,2.5,2160,6000,1.5,FALSE,0,4,8,1880,280,1939,0,98105,47.6582,-122.28,2300,6000
4465,9/23/2014,804000,5,3.5,2770,9305,2,FALSE,0,3,9,2770,0,1985,0,98006,47.5628,-122.114,2520,9773
4466,4/17/2015,590000,2,2.5,1450,1281,2,FALSE,0,3,8,1220,230,2006,0,98105,47.665,-122.285,1440,1281
4467,7/21/2014,625000,3,2,1730,12219,1,FALSE,0,4,7,1730,0,1986,0,98004,47.5825,-122.189,2470,13594
4468,10/28/2014,840000,4,2.25,2100,3671,1.5,FALSE,0,3,8,1750,350,1929,0,98112,47.6359,-122.3,1800,4560
4469,6/26/2014,775000,3,2.75,2850,14800,1,FALSE,0,4,9,1920,930,1976,0,98006,47.559,-122.146,3300,10809
4470,12/8/2014,390000,3,1.5,1000,13991,1,FALSE,0,4,7,1000,0,1956,0,98006,47.5643,-122.138,1520,11465
4471,3/10/2015,1700000,5,2.75,3810,9360,2,FALSE,0,3,10,3810,0,2014,0,98004,47.6039,-122.194,2110,9870
4472,8/2/2014,1250000,4,3.25,3160,5000,2,FALSE,0,5,9,2360,800,1965,0,98105,47.6597,-122.274,2220,4000
4473,10/3/2014,1691000,4,3.5,4020,13515,2,FALSE,0,3,11,4020,0,2001,0,98004,47.6462,-122.212,3930,13515
4474,6/17/2014,2027000,4,3.75,4100,22798,1.5,FALSE,3,5,11,2540,1560,1934,1979,98040,47.5648,-122.21,3880,18730
4475,12/9/2014,915000,5,2.75,2580,7630,1,FALSE,0,4,7,1730,850,1954,0,98004,47.6226,-122.205,2040,7717
4476,6/16/2014,1920000,4,2.5,3070,34412,1,FALSE,3,4,9,2070,1000,1950,0,98039,47.64,-122.24,3780,27940
4477,7/1/2014,1110000,5,3.25,3350,4000,2,FALSE,0,4,8,2510,840,1997,0,98105,47.6645,-122.291,1620,4000
4478,9/11/2014,1865000,6,2.75,4460,6952,2.5,FALSE,2,4,10,3460,1000,1930,0,98105,47.6626,-122.269,2750,4769
4479,5/14/2014,955000,5,2.25,2510,9887,2,FALSE,0,3,8,2510,0,1972,0,98040,47.5339,-122.223,2510,10006
4480,4/1/2015,615000,3,3,1420,991,2,FALSE,0,3,8,1040,380,2005,0,98102,47.6408,-122.327,1500,1301
4481,4/24/2015,707000,5,2.5,3050,13212,1,FALSE,0,4,8,1590,1460,1975,0,98006,47.5596,-122.142,2550,10826
4482,7/25/2014,730000,3,1.75,2040,11294,1,FALSE,0,4,7,1340,700,1952,0,98004,47.5923,-122.197,2120,9587
4483,7/23/2014,587100,2,1,1190,6967,1,FALSE,0,3,7,1190,0,1946,0,98040,47.5896,-122.243,1700,6968
4484,9/5/2014,508450,4,1.75,1520,9600,1,FALSE,0,4,7,1000,520,1955,0,98006,47.5763,-122.154,1510,9000
4485,10/2/2014,618000,4,1,1260,4080,1,FALSE,0,4,7,1260,0,1911,0,98105,47.6644,-122.324,1340,4080
4486,9/16/2014,425000,2,1,970,2970,1,FALSE,0,3,7,970,0,1910,0,98102,47.6233,-122.319,1670,3000
4487,12/15/2014,730000,2,1,1860,3400,1,FALSE,0,3,7,1010,850,1920,0,98105,47.6714,-122.329,1540,3997
4488,11/10/2014,6.00E+05,2,1,1110,3500,1.5,FALSE,0,3,6,970,140,1912,0,98102,47.6453,-122.327,1884,1778
4489,6/10/2014,1070000,3,3,2940,4622,2,FALSE,0,4,9,2230,710,1988,0,98105,47.6641,-122.293,1580,4000
4490,5/12/2014,1200000,3,1.75,1560,8078,1.5,TRUE,4,4,6,1560,0,1928,0,98040,47.5779,-122.246,2890,16710
4491,4/29/2015,1780000,4,3.25,3950,10912,2,FALSE,0,3,10,3950,0,2003,0,98004,47.5877,-122.196,3000,10998
4492,3/3/2015,1563100,5,3.5,3630,8100,2,FALSE,0,3,10,3630,0,2008,0,98004,47.5951,-122.2,1730,8246
4493,10/23/2014,1562000,5,3,3910,16200,1,FALSE,0,4,9,2890,1020,1960,0,98004,47.6326,-122.217,3620,16200
4494,5/1/2015,1250000,5,3.5,3510,4798,2,FALSE,0,3,10,2700,810,2008,0,98105,47.669,-122.282,1460,1684
4495,12/5/2014,1406890,5,2.25,3580,16789,2,FALSE,0,5,9,3580,0,1966,0,98040,47.5364,-122.239,3390,17000
4496,11/5/2014,850000,2,2,2640,13939,1,FALSE,1,5,8,1640,1000,1963,0,98006,47.5647,-122.165,2880,14810
4497,9/15/2014,586000,4,2.25,2130,9000,2,FALSE,0,4,8,2130,0,1965,0,98006,47.5716,-122.159,2110,10431
4498,10/28/2014,943500,3,2.25,2370,10890,2,FALSE,0,4,7,2370,0,1980,0,98004,47.5827,-122.197,2370,9514
4499,8/20/2014,781000,3,1.5,1290,8175,1,FALSE,0,4,7,820,470,1952,0,98004,47.6296,-122.205,2130,8577
4500,1/13/2015,1881580,5,3.5,4410,13000,2,FALSE,3,3,10,2920,1490,2014,0,98006,47.5382,-122.111,5790,12969
4501,5/20/2014,1800000,4,3.5,4460,16953,1,FALSE,0,3,9,2550,1910,1962,1994,98039,47.6338,-122.232,1980,13370
4502,3/5/2015,1025000,3,1,2050,4800,2,FALSE,0,3,8,1950,100,1922,0,98112,47.6315,-122.311,2220,4800
4503,8/20/2014,565000,3,1.75,1540,4800,1,FALSE,0,4,6,770,770,1925,0,98105,47.67,-122.284,1510,4080
4504,9/24/2014,981000,4,2.5,2110,10100,1,FALSE,2,3,8,2110,0,1968,2005,98006,47.567,-122.151,2230,10100
4505,3/31/2015,1295000,4,2.5,3070,4000,2,FALSE,0,4,8,2070,1000,1940,0,98105,47.659,-122.281,2560,4000
4506,7/7/2014,1300000,4,2.25,2360,4000,2,FALSE,0,3,9,2360,0,2013,0,98112,47.6198,-122.289,3040,4400
4507,12/2/2014,780000,3,1,1660,4400,1.5,FALSE,0,3,8,1460,200,1911,0,98112,47.6362,-122.302,1660,4400
4508,10/7/2014,1088000,3,2.5,2920,8113,2,FALSE,0,3,8,2920,0,1950,2010,98004,47.5814,-122.196,2370,8113
4509,6/25/2014,594000,3,2.25,1270,1406,2,FALSE,0,3,8,1060,210,2014,0,98105,47.6647,-122.284,1160,1327
4510,6/11/2014,487028,2,1.5,1295,1093,2,FALSE,0,3,9,1105,190,2007,0,98112,47.6192,-122.299,1295,1413
4511,9/30/2014,525000,5,1,1280,3876,1.5,FALSE,0,3,7,1280,0,1923,0,98105,47.6605,-122.324,1420,3825
4512,8/14/2014,680000,8,2.75,2530,4800,2,FALSE,0,4,7,1390,1140,1901,0,98112,47.6241,-122.305,1540,4800
4513,8/19/2014,675000,4,2,1890,5188,1.5,FALSE,0,4,7,1670,220,1940,0,98105,47.6633,-122.287,1800,4848
4514,11/13/2014,472800,3,2.25,1840,8400,1,FALSE,0,3,8,1290,550,1961,0,98006,47.5497,-122.172,2110,8400
4515,10/9/2014,510000,3,2,1990,7405,1,FALSE,0,5,7,1990,0,1971,0,98006,47.5421,-122.172,2120,6462
4516,3/13/2015,719521,4,1.75,1920,9500,1,FALSE,0,4,7,1470,450,1966,0,98006,47.5683,-122.177,1820,10091
4517,11/11/2014,799000,4,2.25,2510,11585,2,FALSE,0,4,8,2510,0,1969,0,98040,47.5483,-122.226,2450,9691
4518,6/30/2014,935000,2,2.5,1780,2067,2,FALSE,0,5,9,1780,0,1974,0,98004,47.6132,-122.21,2320,2067
4519,11/5/2014,741000,4,2.75,2070,10125,1,FALSE,0,3,7,1390,680,1962,0,98040,47.5697,-122.219,1850,10125
4520,7/15/2014,921000,3,2.25,2380,11200,1,FALSE,0,4,8,2380,0,1963,0,98004,47.5873,-122.193,2010,11200
4521,12/4/2014,1250000,5,2.75,3710,13874,1.5,FALSE,3,4,9,2340,1370,1977,0,98006,47.5686,-122.154,3370,13874
4522,9/11/2014,1150000,3,2.5,3160,24437,1,FALSE,3,3,11,2160,1000,1991,0,98006,47.5531,-122.131,3990,11977
4523,10/27/2014,935000,5,4.5,4230,9701,2,FALSE,0,3,10,4230,0,1999,0,98006,47.5444,-122.131,4130,12253
4524,1/5/2015,780000,4,2.5,3020,15164,1,FALSE,0,4,8,1730,1290,1976,0,98004,47.5882,-122.192,2600,11556
4525,7/7/2014,875000,3,1.5,1820,12686,1,FALSE,0,4,7,1820,0,1952,0,98004,47.5886,-122.195,3020,11550
4526,5/9/2014,463000,2,1,1150,4400,1,FALSE,0,4,7,1150,0,1905,0,98112,47.6226,-122.292,1240,4400
4527,3/24/2015,698000,3,1.5,1090,7200,1,FALSE,0,4,7,1090,0,1958,0,98040,47.5817,-122.241,2010,8982
4528,5/15/2014,1.00E+06,5,4.25,3920,16258,2,FALSE,0,3,9,2900,1020,1990,0,98004,47.5871,-122.192,2540,12131
4529,11/14/2014,2250000,4,2.25,4760,8036,2.5,FALSE,0,5,9,3390,1370,1916,0,98112,47.6415,-122.285,2950,9323
4530,1/9/2015,908950,4,2.75,3090,6200,2,FALSE,0,3,9,3090,0,2014,0,98006,47.5538,-122.189,2890,10108
4531,7/30/2014,482000,2,2.25,1350,1248,2,FALSE,0,3,7,1180,170,2000,0,98102,47.6399,-122.32,1760,3360
4532,4/13/2015,683000,5,1.5,1720,4000,1.5,FALSE,0,3,7,1520,200,1925,0,98112,47.6197,-122.287,2280,4000
4533,7/31/2014,725000,3,1.75,1880,13300,1,FALSE,0,3,7,1380,500,1967,0,98004,47.634,-122.204,3550,10883
4534,12/9/2014,1145000,4,2.25,2840,20242,1,FALSE,0,3,8,2240,600,1972,0,98004,47.639,-122.216,2840,20372
4535,9/29/2014,2525000,4,5.5,6930,45100,1,FALSE,0,4,11,4310,2620,1950,1991,98006,47.5547,-122.144,2560,37766
4536,11/7/2014,660000,4,2.5,2290,9120,2,FALSE,0,4,8,2290,0,1977,0,98006,47.5613,-122.128,2290,9120
4537,7/9/2014,525000,4,1.75,1710,10440,1,FALSE,0,4,7,1710,0,1955,0,98006,47.5756,-122.158,1480,10440
4538,3/13/2015,1100000,5,2.75,2520,4643,1.5,FALSE,0,4,8,2120,400,1916,0,98112,47.6348,-122.301,2100,4564
4539,9/9/2014,990000,3,1.75,1810,24586,1,FALSE,4,4,9,930,880,1983,0,98040,47.5314,-122.222,3540,14200
4540,12/18/2014,950000,4,2.75,3800,12200,2,FALSE,3,4,10,3800,0,1986,0,98006,47.5689,-122.156,3710,14796
4541,6/15/2014,650000,3,1.75,2140,9484,1,FALSE,0,3,7,1290,850,1953,0,98004,47.6234,-122.191,1960,9630
4542,4/8/2015,1651000,4,3.25,3640,13530,1,FALSE,0,3,9,2570,1070,1924,2000,98039,47.6293,-122.238,2760,15000
4543,7/10/2014,860000,5,2.25,3480,9200,2,FALSE,0,3,8,3480,0,1979,0,98006,47.5585,-122.153,3130,9200
4544,5/12/2015,1190000,3,2,2160,15788,1,FALSE,0,3,8,2160,0,1951,0,98004,47.6227,-122.207,2260,9787
4545,12/16/2014,664950,2,1.75,1180,900,2,FALSE,0,3,10,780,400,2014,0,98102,47.6395,-122.329,1380,3610
4546,7/16/2014,685000,4,2.5,2170,8680,1,FALSE,0,3,7,1220,950,1959,0,98004,47.6078,-122.192,2010,8680
4547,8/12/2014,2187730,4,4.5,4240,13162,2,FALSE,0,3,10,4240,0,2004,0,98039,47.6193,-122.229,3010,12163
4548,6/12/2014,920000,4,3.25,2420,4000,1.5,FALSE,0,5,9,1870,550,1911,0,98105,47.6567,-122.325,1810,4000
4549,7/29/2014,1320000,4,3.25,3470,11843,1,FALSE,3,3,11,2270,1200,1989,0,98006,47.5513,-122.135,3910,13247
4550,5/20/2014,479000,3,2.5,1260,889,3,FALSE,0,3,8,1260,0,2008,0,98109,47.6277,-122.345,1340,1324
4551,4/21/2015,1575000,4,3.25,3410,10125,2,FALSE,0,3,10,3410,0,2007,0,98040,47.5653,-122.223,2290,10125
4552,8/15/2014,740000,4,2.5,2500,10330,2,FALSE,0,3,10,2500,0,1992,0,98006,47.5595,-122.114,2710,8375
4553,11/12/2014,1065000,4,2.25,3240,12930,2,FALSE,0,4,9,2730,510,1968,0,98040,47.5373,-122.22,2610,12884
4554,6/17/2014,1170000,4,2.5,2570,6251,2,FALSE,0,3,9,2570,0,2000,0,98004,47.593,-122.197,2570,9588
4555,8/22/2014,583000,3,1.75,1930,10183,1,FALSE,0,4,8,1480,450,1975,0,98006,47.5624,-122.135,2320,10000
4556,11/4/2014,952000,3,2.5,2450,4400,2,FALSE,0,4,9,1800,650,1922,0,98102,47.6439,-122.319,2220,5500
4557,5/5/2014,770000,3,2,2350,5700,1.5,FALSE,0,4,8,1810,540,1939,0,98112,47.639,-122.31,2170,6000
4558,6/19/2014,1027000,3,2.5,2430,10500,2,FALSE,1,3,9,2430,0,1989,0,98004,47.5818,-122.198,3440,12842
4559,5/12/2014,876650,3,3.25,2170,12508,1.5,FALSE,0,5,9,1650,520,1928,1970,98040,47.5665,-122.229,2720,21070
4560,5/12/2014,490000,2,2.5,1230,1391,2,FALSE,0,3,8,870,360,2004,0,98112,47.6192,-122.301,1240,1350
4561,12/9/2014,975000,4,2.25,2420,15482,2,FALSE,0,4,8,2420,0,1925,1997,98004,47.5907,-122.196,2870,13905
4562,3/24/2015,826600,4,3.25,3230,5000,1.5,FALSE,0,4,7,1750,1480,1916,0,98105,47.6702,-122.3,1730,4000
4563,4/9/2015,1255000,4,2.5,3510,13100,2,FALSE,0,4,10,3510,0,1966,0,98040,47.5306,-122.227,3230,12745
4564,12/9/2014,2193000,3,2.25,3360,7108,2,FALSE,0,3,10,2770,590,1905,2004,98112,47.6187,-122.284,3450,8558
4565,1/2/2015,825000,3,1.75,1930,8442,1,FALSE,0,4,7,1930,0,1953,0,98004,47.6313,-122.204,1790,8442
4566,10/3/2014,747000,3,1.75,2560,4800,1,FALSE,0,3,7,1280,1280,1911,0,98112,47.6207,-122.295,1620,4800
4567,4/13/2015,1050000,5,2.75,2520,18625,1,FALSE,0,3,8,1660,860,1959,0,98004,47.6409,-122.207,3000,16624
4568,4/20/2015,2340000,4,2.5,4500,35200,1,FALSE,0,3,13,4500,0,1988,0,98006,47.5477,-122.126,4760,35200
4569,4/8/2015,935000,3,2,1720,2000,1.5,FALSE,0,3,8,1060,660,1910,2000,98109,47.6384,-122.35,1590,4000
4570,7/9/2014,580000,3,1.75,1850,5100,1,FALSE,0,3,7,1020,830,1909,0,98105,47.6605,-122.326,1850,5100
4571,6/16/2014,1712500,3,3.25,2940,5432,3,FALSE,3,4,10,2440,500,1978,0,98109,47.6299,-122.354,4400,5500
4572,2/11/2015,822600,4,2.5,3010,9600,1,FALSE,2,3,9,1510,1500,1979,0,98006,47.5519,-122.156,2780,10000
4573,5/7/2015,1540000,5,3.25,2920,6960,2,FALSE,1,3,9,2120,800,1953,2008,98105,47.6712,-122.272,2470,6735
4574,12/29/2014,1151250,4,2.5,1940,4875,2,FALSE,0,4,9,1940,0,1925,0,98112,47.6427,-122.304,1790,4875
4575,10/22/2014,7.00E+05,4,1.75,2420,520,1.5,FALSE,0,3,7,2420,0,1900,0,98112,47.6209,-122.302,1200,1170
4576,7/29/2014,680000,3,1.75,1620,5500,1,FALSE,0,3,7,1110,510,1950,0,98112,47.6393,-122.308,2100,6500
4577,5/28/2014,9.00E+05,6,2.75,2300,24773,1.5,FALSE,0,4,9,2300,0,1950,1985,98040,47.5833,-122.242,2720,11740
4578,5/6/2014,1580000,4,3.25,3760,10920,1.5,FALSE,0,5,9,2400,1360,1950,0,98105,47.6687,-122.264,3430,11050
4579,5/12/2014,1300000,4,3.25,2330,9687,2,FALSE,3,3,9,2330,0,1918,0,98112,47.6264,-122.283,3880,9017
4580,11/4/2014,378500,4,1.75,1700,8640,1,FALSE,0,3,7,850,850,1955,0,98006,47.5772,-122.153,1620,9000
4581,1/12/2015,1225000,3,2.25,2980,7700,1,FALSE,0,3,9,2530,450,1964,0,98112,47.6336,-122.29,3020,8234
4582,5/1/2015,1200000,4,2.25,2320,13114,2,FALSE,0,5,8,2320,0,1967,0,98040,47.5762,-122.239,2740,15000
4583,7/28/2014,2400000,4,3.5,5860,7200,2,FALSE,0,5,10,3690,2170,1907,0,98112,47.6287,-122.287,4150,7200
4584,3/16/2015,845000,3,1.75,1600,2538,2,FALSE,0,3,7,1600,0,1929,0,98102,47.6447,-122.327,1660,1750
4585,3/18/2015,7.00E+05,8,2.5,2280,3000,1.5,FALSE,0,3,7,1210,1070,1911,0,98105,47.6675,-122.316,1610,3000
4586,6/23/2014,1190000,4,2.5,3160,13194,2,FALSE,0,5,10,3160,0,1965,0,98040,47.5472,-122.233,3490,13194
4587,7/2/2014,795000,4,2.5,2890,7798,2,FALSE,0,3,9,2890,0,2005,0,98006,47.5456,-122.129,3300,30950
4588,5/13/2014,1895000,5,2.25,3120,16672,2,FALSE,0,4,9,3120,0,1969,0,98004,47.6458,-122.219,3740,17853
4589,3/10/2015,915000,3,2.25,2390,2750,2,FALSE,0,5,8,1580,810,1925,0,98109,47.6339,-122.354,2200,5160
4590,6/23/2014,562500,3,2.25,1300,907,2,FALSE,0,3,8,1000,300,2006,0,98102,47.6371,-122.327,1300,1169
4591,11/11/2014,1324050,3,3.25,3440,4080,2,FALSE,0,3,9,2560,880,2005,0,98105,47.6644,-122.28,3110,4080
4592,2/25/2015,1980000,4,3.5,4500,44384,1,FALSE,0,3,12,3340,1160,1990,0,98004,47.6323,-122.192,2540,26287
4593,4/10/2015,920000,5,3,2230,4400,2,FALSE,0,3,7,1730,500,1913,0,98102,47.6404,-122.325,1280,1800
4594,5/6/2014,599000,4,2.25,2260,29930,2,FALSE,0,4,8,1400,860,1977,0,98006,47.5689,-122.126,2770,29930
4595,11/3/2014,720000,5,2.5,2900,9525,2,FALSE,0,3,9,2900,0,1989,0,98006,47.5442,-122.138,2910,11854
4596,1/28/2015,350000,2,1,1070,2880,1,FALSE,0,3,7,1070,0,1902,0,98102,47.6261,-122.324,2030,2880
4597,8/15/2014,820000,3,2.5,2970,9600,2,FALSE,0,3,9,2970,0,1994,0,98006,47.5422,-122.132,2970,9707
4598,10/21/2014,527500,3,2.5,1380,1389,3,FALSE,0,3,8,1380,0,2008,0,98102,47.6427,-122.327,1380,1249
4599,8/11/2014,968000,4,1.75,2630,9645,1,FALSE,0,4,9,2630,0,1963,0,98040,47.5459,-122.228,2690,10439
4600,4/22/2015,1265000,4,3,3130,2646,2.5,FALSE,0,5,9,2290,840,1906,0,98102,47.6272,-122.316,2920,4500
